variant,canonical,group_episodes,fuzzy
Jonathan Cuttrell,Jonathan Cutrell,307,~
Jonathan Cattrell,Jonathan Cutrell,307,~
Jonathan Cattralli,Jonathan Cutrell,307,~
Jonathan Cattrall,Jonathan Cutrell,307,~
Jonathan Patrell,Jonathan Cutrell,307,~
Jonathan Cutrella,Jonathan Cutrell,307,~
Jonathan Cotrell,Jonathan Cutrell,307,~
Jonathan Guttrell,Jonathan Cutrell,307,~
Jonathan Catrello,Jonathan Cutrell,307,~
Jonathan Cotrellian,Jonathan Cutrell,307,~
Jonathan Gattrall,Jonathan Cutrell,307,~
Jonathan Contrell,Jonathan Cutrell,307,~
Jonathan Gattrelle,Jonathan Cutrell,307,~
Jonathan Cantrell,Jonathan Cutrell,307,~
Jonathan Gattrell,Jonathan Cutrell,307,~
Jonathan Cottrell,Jonathan Cutrell,307,~
Ed Zittron,Ed Zitron,108,~
Carlos Berigo,Carlos Merigo,102,~
Carlos Meriga,Carlos Merigo,102,~
Carlos Merígua,Carlos Merigo,102,~
Carlos Murigo,Carlos Merigo,102,~
Carlos Marigo,Carlos Merigo,102,~
Atila Iamarino,Átila Iamarino,89,
Sean Elling,Sean Illing,86,~
David Gerrard,David Gerard,68,~
Bia Fiorouto,Bia Fiorotto,51,~
Bia Fiorotti,Bia Fiorotto,51,~
Brene Brown,Brené Brown,48,
Daniel Gomes de Carvalho (Dani),Daniel Gomes de Carvalho,44,~
Natuza Neri,Natuza Nery,41,~
Jorge Kieffel,Jorge Kielfeld,40,~
Jorge Kielfel,Jorge Kielfeld,40,~
Jorge Kielfer,Jorge Kielfeld,40,~
Jorge Kieffeld,Jorge Kielfeld,40,~
Jorge Kieffelt,Jorge Kielfeld,40,~
Jorge Kilfel,Jorge Kielfeld,40,~
Jorge Kiefeld,Jorge Kielfeld,40,~
Jorge Kill,Jorge Kielfeld,40,~
Gabriel Divã,Gabriel Divan,40,~
Felipe Abal,Felipe Abau,37,~
Felipe Abao,Felipe Abau,37,~
Felipe Abão,Felipe Abau,37,~
Felipe Aval,Felipe Abau,37,~
Jefferson Enzon,Jefferson Aranzon,36,~
Jefferson Orenzon,Jefferson Aranzon,36,~
Jefferson Arenzon,Jefferson Aranzon,36,~
Jefferson Lorenzón,Jefferson Aranzon,36,~
Jefferson Arenzón,Jefferson Aranzon,36,~
Jefferson Sorenson,Jefferson Aranzon,36,~
Jefferson Anzon,Jefferson Aranzon,36,~
Jefferson Anenzon,Jefferson Aranzon,36,~
Jefferson Lorenzo,Jefferson Aranzon,36,~
Jefferson Orenzom,Jefferson Aranzon,36,~
Jefferson Renzon,Jefferson Aranzon,36,~
Jefferson Alenzon,Jefferson Aranzon,36,~
Jefferson-Arenzol,Jefferson Aranzon,36,~
Jefferson Arienzon,Jefferson Aranzon,36,~
Jefferson Lorenzon,Jefferson Aranzon,36,~
Jefferson Arizon,Jefferson Aranzon,36,~
Jefferson Alenso,Jefferson Aranzon,36,~
Míriam,Miriam,32,
Bruno Tortua,Bruno Torturra,32,~
Tanguy Bagdadji,Tanguy Baghdadi,31,~
Tanguy Bagdadi,Tanguy Baghdadi,31,~
Alessandra Lofino,Alessandra Orofino,30,~
Caio Belande,Caio Belandi,27,~
David Heinemeier-Hansson,David Heinemeier Hansson,26,~
David Heinemeier-Hansen,David Heinemeier Hansson,26,~
David Heinemeyer-Hansen,David Heinemeier Hansson,26,~
David Heinemeier Hansen,David Heinemeier Hansson,26,~
David Heinemeier-Hanson,David Heinemeier Hansson,26,~
David Heidemeyer-Hansen,David Heinemeier Hansson,26,~
Eduardo Sommini,Eduardo Sombini,26,~
Jason Freed,Jason Fried,23,~
Ivan Misazuki,Ivan Mizanzuk,21,~
Ivan Misanzuki,Ivan Mizanzuk,21,~
Ivan Mizanzuki,Ivan Mizanzuk,21,~
Marcelo Tass,Marcelo Tas,20,~
Marcelo Tassi,Marcelo Tas,20,~
Marcelo Tasco,Marcelo Tas,20,~
Marcelo Taz,Marcelo Tas,20,~
Iago Vinicius,Iago Vinícius,20,
Marco Diarte,Marco Idiarte,17,~
Marco Diatti,Marco Idiarte,17,~
Marco Hidarte,Marco Idiarte,17,~
Marco Idiart,Marco Idiarte,17,~
Marco Diat,Marco Idiarte,17,~
Marco Idarte,Marco Idiarte,17,~
Cris Bartes,Cris Bartis,17,~
Cris Bartos,Cris Bartis,17,~
Cris Martes,Cris Bartis,17,~
Gabriel Sápia,Gabriel SAP,17,~
Gabriel Sape,Gabriel SAP,17,~
Gabriel Sarp,Gabriel SAP,17,~
Gabriel Sápi,Gabriel SAP,17,~
Michel Alconforado,Michel Alcoforado,17,~
Tanguí Bagdadi,Tanguy Baghdadi,17,~
Tangui (Bagdad),Tanguy Baghdadi,17,~
Tangui Bagdad,Tanguy Baghdadi,17,~
Tangui Bagdadia,Tanguy Baghdadi,17,~
Tangui Bagdadi,Tanguy Baghdadi,17,~
Thais Kisuki,Thaís Kisuki,17,
Natalie Kittrow-Eff,Natalie Kitroeff,17,~
Natalie Kittroff,Natalie Kitroeff,17,~
Natalie Kitchoef,Natalie Kitroeff,17,~
Natalie Kitrolev,Natalie Kitroeff,17,~
Natalie Ketro-Eff,Natalie Kitroeff,17,~
Natalie Kitroef,Natalie Kitroeff,17,~
Sérgio Amadeus,Sérgio Amadeu,15,~
Tupã,Tupá,14,
Silvia Vassi,Silvia Bassi,13,~
Silvia Barsi,Silvia Bassi,13,~
Léo Imamura,Leo Imamura,12,
Ieda Marcones,Ieda Marcondes,12,~
mano deyvin,Mano Deyvin,12,~
Mano Deivin,Mano Deyvin,12,~
Mano Devins,Mano Deyvin,12,~
José Godoy,José Godói,12,~
Diego Esquinello,Diego Esquinelo,12,~
Leonardo Ghirini,Leonardo Guerini,11,~
Leonardo Guirini,Leonardo Guerini,11,~
Pedro Daltro,Pedro D'Altro,11,~
Catarina Barrosa,Catarina Barosa,11,~
David Erlich,David Ehrlich,11,~
Jéssica Correia,Jéssica Corrêa,10,~
Jessica Correia,Jéssica Corrêa,10,~
Gláucia Murta,Glaucia Murta,10,
Joel Kenville,Joel Kinville,10,~
Marcos Sorrilla,Marcos Sorrilha,10,~
Mário Especiano,Mário Speziano,10,~
Mário Espesiano,Mário Speziano,10,~
Mário Espeziano,Mário Speziano,10,~
Alexandre Maron,Alexandre Marão,9,~
Tupa Guerra,Tupá Guerra,9,
host,Host,9,
Roger Lito Jesus,Roger Leite Jesus,9,~
Roger Luís Jesus,Roger Leite Jesus,9,~
Roger Lir Jesus,Roger Leite Jesus,9,~
Roger Lires Jesus,Roger Leite Jesus,9,~
Guilherme Rambos,Guilherme Rambo,9,~
Silvia Nazareth,Silvia Nazaré,9,~
Sílvia Nazaré,Silvia Nazaré,9,~
Tati Bernard,Tati Bernardi,9,~
Caio Almenda,Caio Almendra,9,~
Carlos Miralia,Carlos Miralha,8,~
Carlos Miraglia,Carlos Miralha,8,~
Letícia Dacke,Letícia Dacker,8,~
Letícia Dac,Letícia Dacker,8,~
Luciane Troilib,Luciane Troilibe,8,~
Luciane Treuilbe,Luciane Troilibe,8,~
Luciane Troilbe,Luciane Troilibe,8,~
Luciane Troile,Luciane Troilibe,8,~
Sandra Anemberg,Sandra Annenberg,8,~
Sandra Nemberg,Sandra Annenberg,8,~
Ronald de Villardo,Ronald Villardo,8,~
Ronald Vilado,Ronald Villardo,8,~
Ronald Villard,Ronald Villardo,8,~
Ronald Vilar,Ronald Villardo,8,~
professor Moreno,Professor Moreno,8,
Lulu Garcia Navarro,Lulu Garcia-Navarro,8,
Dr. James Stout,James Stout,8,
Beatriz Siorotto,Beatriz Fiorotto,7,~
Beatriz Sioroto,Beatriz Fiorotto,7,~
Beatriz Fiorot,Beatriz Fiorotto,7,~
Júlia Gavilan,Júlia Gavilã,7,~
Júlia Gavila,Júlia Gavilã,7,~
Julia Gavilan,Júlia Gavilã,7,~
Fernanda Azzolini,Fernanda Zolini,7,~
Fernanda Zoellini,Fernanda Zolini,7,~
Déia,Deia,7,
João Cavalho,João Carvalho,6,~
Julia,Júlia,6,
Catarina Ascarelli,Catarina Sicarelli,6,~
Fábio Correia,Fábio Corrêa,6,~
Maximus,Máximus,6,
Natalie Kitroweth,Natalie Kitroeff,6,~
Natalie Kitrow,Natalie Kitroeff,6,~
Natalie Kittrowath,Natalie Kitroeff,6,~
Natalie Kittroweth,Natalie Kitroeff,6,~
Marcelo Bassolli,Marcelo Bassoli,6,~
Rafael Ankara,Rafael Ancara,5,~
Jessica,Jéssica,5,
Jones Manuel,Jones Manoel,5,~
Cecília Oliveira,Cecília Olliveira,5,~
Branca Viana,Branca Vianna,5,~
Bia Fioró,Bia Foro,5,~
Bia Fiorò,Bia Foro,5,~
Bia Fioreto,Bia Foro,5,~
Bia Fioroso,Bia Foro,5,~
Andrew T.,Andrew Ti,5,~
Rogério Motonari,Rogério Montanari,5,~
Olimpio Popo,Olimpio Pop,5,~
Olimpio Poup,Olimpio Pop,5,~
Maggie Haverman,Maggie Haberman,5,~
Reinaldo Turollo Júnior,Reinaldo Turolo Júnior,5,~
Jéfer Sorenson,Jéfer Sorenzon,4,~
Jeffrey Sorenzon,Jeffrey Sorenson,4,~
Host do NORMOSE,Host do Normose,4,
Thiago Corrêa,Thiago Correa,4,
Birgitta Bokler,Birgitta Böckeler,4,~
Birgitta Böckler,Birgitta Böckeler,4,~
Birgitta Berkler,Birgitta Böckeler,4,~
Maria Cláudia Emer,Maria Cláudia Emmer,4,~
Juval Auer,Juval Lauer,4,~
Juval Hauer,Juval Lauer,4,~
Jamil Chad,Jamil Chade,4,~
Bernardo Melo Franco,Bernardo Mello Franco,4,~
Thomas Trauman,Thomas Traumann,4,~
Luiz Carlos Vilauta,Luiz Carlos Villalta,4,~
Luiz Carlos Vilalta,Luiz Carlos Villalta,4,~
Luiz Carlos Vila Alta,Luiz Carlos Villalta,4,~
Ken McRaege,Ken McGrage,4,~
João Paulo Charllô,João Paulo Charleaux,4,~
João Paulo Charoux,João Paulo Charleaux,4,~
João Paulo Charlo,João Paulo Charleaux,4,~
João Paulo Charlot,João Paulo Charleaux,4,~
Gabriel de Vana,Gabriel de Vann,4,~
Julio,Júlio,4,
Flávia Sayane,Flávia Sayani,4,~
Meredith Hodenot,Meredith Hodnot,4,~
Dmitry Radzimyshev,Dmitry Radmyshev,3,~
Ana Schermack,Ana Schermak,3,~
Jorge Quilfield,Jorge Quillfeldt,3,~
Conrado Ubner Mendes,Conrado Hübner Mendes,3,~
Nina Daora,Nina da Hora,3,~
Jamie Kaprogman Taylor,Jamie Gaprogman-Taylor,3,~
Ale Marón,Ale Maron,3,
Mauricio Aniche,Maurício Aniche,3,~
Maurício Aninchi,Maurício Aniche,3,~
Alfredo Atiê,Alfredo Attié,3,~
Roberta Arco Verde,Roberta Arcoverde,3,~
Marcelo Terracunha,Marcelo Terra Cunha,3,~
Tábata,Tabata,3,
Tatiana Vargas-Maia,Tatiana Vargas Maia,3,
Claire Vogt,Claire Vo,3,~
Bruno Frederico Milho,Bruno Frederico Milha,3,~
Arthur Divigir,Arthur Givigir,3,~
Arthur Givir,Arthur Givigir,3,~
Joelle Kenville,Joelle Kinville,3,~
John Glynn-Hill,John Glenn Hill,3,~
Chris Stoker-Walker,Chris Stokel-Walker,3,~
Eli Atherton,Eli Etherton,3,~
Diego Schinello,Diego Chinelo,3,~
Dr. Abdul El-Sayed,Abdul El-Sayed,3,
Christopher Kastensmith,Christopher Kasten-Smith,2,~
Gisele Guzmanfro,Gisele Guzmanfa,2,~
Jorge Kufel,Jorge Kuhfeld,2,~
Juliana Valauer,Juliana Wallauer,2,~
Gisele Seco,Gisele Secco,2,~
Marcia Tiburi,Márcia Tiburi,2,
Marília Moscovich,Marília Moscovitch,2,~
Developer Tea Host,Developer Tea host,2,
Lilian,Lílian,2,
Alexandre Chiavegato Filho,Alexandre Chiavegatto Filho,2,~
Lydia Zuin,Lydia Zwin,2,~
Rosana Herman,Rosana Hermann,2,~
Luiz César de Sá,Luiz Cesar de Sá,2,
Matheus Fiori,Matheus Fiore,2,~
Alê,Ale,2,
Letícia Dacquer,Letícia D'Aquer,2,~
Roberto Shoa,Roberto Choa,2,~
Vera Rita de Melo Ferreira,Vera Rita de Mello Ferreira,2,~
Roger Lirisuz,Roger Ligisuz,2,~
Aaron D. Francis,Aaron Francis,2,~
Arkadio Minchuk,Arkadio Mintchuk,2,~
Arcádio Minchuk,Arcádio Mintchuk,2,~
Stephanie Min,Stephanie Minn,2,~
Juliana Dalpiva,Juliana Dal Piva,2,~
Cristiana De Luca,Cristiana Deluca,2,~
Dora Kaufmann,Dora Kaufman,2,~
Hussein Kalou,Hussein Kalout,2,~
Simon,Simón,2,
Suzana Arbea,Suzana Arbel,2,~
Prof. Jiang Xueqin,Prof Jiang Xueqin,2,
Patricia Campos Mello,Patrícia Campos Mello,2,
André Pilli,Andre Pilli,2,
Débora Bizarria,Débora Vizarria,2,~
Mônica Caveiro,Mônica Craveiro,2,~
Catiúcha,Catiucha,2,
Claudio Angelo,Cláudio Ângelo,2,
Glauber Ataíde,Glauber Ataide,2,
Alex Gomez-Marin,Àlex Gómez-Marín,2,
Ana Virginia Balussier,Ana Virgínia Balussier,2,
Gabriela Jacques,Gabriela Jaques,2,~
Andy Clarke,Andy Clark,2,~
Carolina Fedroso,Carolina Pedroso,2,~
Eduardo Gianetti,Eduardo Giannetti,2,~
Dr. Errol Brandt,Errol Brandt,2,
André Maleronca,André Maleronka,2,~
Dr. Dana Suskind,Dana Suskind,2,
Aspirador Roupou o Reverso Depressivo,Aspirador Robô Reverso Depressivo,2,~
Que desenho legal,Que Desenho Legal,2,
Carlos Poça,Carlos Poças,2,~
Vitor Boiadjan,Vítor Boiadian,2,~
Fernandinha Bermodes,Fernandinha Bermudes,2,~
Eric Peléias,Eric Peleias,2,
yugo,Yugo,2,
Olga Hazan,Olga Khazan,2,~
Andrea Dipp,Andréa Dippe,2,~
